,Song,Artist,Writer(s),Original release,Year,Ref.
0,"""1882""",Paul McCartney and Wings,Paul McCartney Linda McCartney,Red Rose Speedway (Archive Collection),2018,[42]
1,"""222""",Paul McCartney,Paul McCartney,Memory Almost Full (2-CD edition),2007,[43]
2,"""3 Legs""",Paul and Linda McCartney,Paul McCartney,Ram,1971,[44]
3,"""4 4 4""",The Fireman,Paul McCartney Youth,Strawberries Oceans Ships Forest,1993,[45]
4,"""4th of July""",Wings,Paul McCartney Linda McCartney,Venus and Mars (Archive Collection),2014,[46]
5,"""7 a.m.""",The Fireman,Paul McCartney Youth,Rushes,1998,[47]
6,"""About You""",Paul McCartney,Paul McCartney,Driving Rain,2001,[48]
7,"""Ac-Cent-Tchu-Ate the Positive"" (Johnny Mercer cover)",Paul McCartney,Harold Arlen Johnny Mercer †,Kisses on the Bottom,2012,[49]
8,"""African Yeah Yeah""",Wings,Paul McCartney Linda McCartney,Wild Life (Archive Collection),2018,[50]
9,"""After the Ball/Million Miles""",Wings,Paul McCartney,Back to the Egg,1979,[51]
10,"""Again and Again and Again""",Wings,Denny Laine †,Back to the Egg,1979,[51]
11,"""Ain't No Sunshine"" (live) (Bill Withers cover)",Paul McCartney,Bill Withers †,Unplugged (The Official Bootleg),1991,[52]
12,"""Ain't That a Shame"" (Fats Domino cover)",Paul McCartney,Antoine Domino Dave Bartholomew †,CHOBA B CCCP,1988,[53]
13,"""All Day""","Kanye West featuring Theophilus London, Allan Kingdom and Paul McCartney",Kanye West Paul McCartney Velous Kendrick Lamar French Montana Ernest Brown Cydel Young Vic Mensa Allan Kingdom Mike Dean Che Pope Noah Goldstein Allen Ritter Mario Winans Charles Njapa Malik Yusef Plain Pat Ab-Liva Noel Ellis,Non-album single,2015,[54]
14,"""All My Trials"" (live)",Paul McCartney,Trad. arr. Paul McCartney †,Tripping the Live Fantastic: Highlights!,1990,[55]
15,"""All Shook Up"" (Elvis Presley cover)",Paul McCartney,Otis Blackwell Elvis Presley †,Run Devil Run,1999,[56]
16,"""All Things Must Pass"" (live)",Paul McCartney,George Harrison†,Concert for George,2003,[57]
17,"""All You Horse Riders/Blue Sway""",Paul McCartney,Paul McCartney,McCartney II (Archive Collection),2011,[58]
18,"""Alligator""",Paul McCartney,Paul McCartney,New,2013,[59]
19,"""Always"" (Henry Burr cover)",Paul McCartney,Irving Berlin †,Kisses on the Bottom,2012,[49]
20,"""Angry""",Paul McCartney,Paul McCartney Eric Stewart,Press to Play,1986,[60]
21,"""Another Day""",Paul McCartney,Paul McCartney Linda McCartney,Non-album single,1971,[61]
22,"""Anyway""",Paul McCartney,Paul McCartney,Chaos and Creation in the Backyard,2005,[62]
23,"""Appletree Cinnabar Amber""",The Fireman,Paul McCartney Youth,Rushes,1998,[47]
24,"""Appreciate""",Paul McCartney,Paul McCartney,New,2013,[59]
25,"""Arizona Light""",The Fireman,Paul McCartney Youth,Strawberries Oceans Ships Forest,1993,[45]
26,"""Arrow Through Me""",Wings,Paul McCartney,Back to the Egg,1979,[51]
27,"""At the Mercy""",Paul McCartney,Paul McCartney,Chaos and Creation in the Backyard,2005,[62]
28,"""Atlantic Ocean""",Paul McCartney,Paul McCartney,Oobu Joobu,1995,[63][64]
29,"""Auraveda""",The Fireman,Paul McCartney Youth,Rushes,1998,[47]
30,"""Average Person""",Paul McCartney,Paul McCartney,Pipes of Peace,1983,[65]
31,"""B-Side to Seaside""",Suzy and the Red Stripes[b],Paul McCartney Linda McCartney,"B-side to ""Seaside Woman""",1977,[66]
32,"""Baby Face"" (from ""One Hand Clapping"") (Jan Garber cover)",Wings,Harry Akst Benny Davis †,Venus and Mars (Archive Collection),2014,[46]
33,"""Baby's Request""[c]",Wings,Paul McCartney,Back to the Egg,1979,[51]
34,"""Back in Brazil""",Paul McCartney,Paul McCartney,Egypt Station,2018,[68]
35,"""Back in the Sunshine Again""",Paul McCartney,Paul McCartney James McCartney,Driving Rain,2001,[48]
36,"""Back on My Feet""",Paul McCartney,Paul McCartney Declan MacManus,"B-side to ""Once Upon a Long Ago""",1987,[69]
37,"""The Back Seat of My Car""",Paul and Linda McCartney,Paul McCartney,Ram,1971,[44]
38,"""Backwards Traveller""",Wings,Paul McCartney,London Town,1978,[70]
39,"""The Ballad Of The Skeletons""",Allen Ginsberg with Paul McCartney,Paul McCartney Allen Ginsberg Philip Glass,The Ballad Of The Skeletons EP,1996,[71]
40,"""Ballroom Dancing""[d]",Paul McCartney,Paul McCartney,Tug of War,1982,[73]
41,"""Band on the Run""",Paul McCartney and Wings,Paul McCartney Linda McCartney,Band on the Run,1973,[74]
42,"""Be What You See (Link)""",Paul McCartney,Paul McCartney,Tug of War,1982,[73]
43,"""Be-Bop-A-Lula"" (live) (Gene Vincent cover)",Paul McCartney,Gene Vincent Tex Davis †,Unplugged (The Official Bootleg),1991,[52]
44,"""Beautiful Night""",Paul McCartney,Paul McCartney,Flaming Pie,1997,[75]
45,"""Best Friend"" (live)",Paul McCartney and Wings,Paul McCartney Linda McCartney,Red Rose Speedway (Archive Collection),2018,[42]
46,"""Beware My Love""",Wings,Paul McCartney Linda McCartney,Wings at the Speed of Sound,1976,[76]
47,"""Big Barn Bed""",Paul McCartney and Wings,Paul McCartney Linda McCartney,Red Rose Speedway,1973,[77]
48,"""Big Boys Bickering""",Paul McCartney,Paul McCartney,"B-side to ""Hope of Deliverance""",1992,[78]
49,"""Biker Like an Icon""",Paul McCartney,Paul McCartney,Off the Ground,1993,[79]
50,"""Bip Bop""",Wings,Paul McCartney Linda McCartney,Wild Life,1971,[80]
51,"""Bip Bop Link""",Wings,Paul McCartney Linda McCartney,Wild Life (1993 remaster),1993,[81]
52,"""Bison""",The Fireman,Paul McCartney Youth,Rushes,1998,[47]
53,"""Blue Jean Bop"" (Gene Vincent cover)",Paul McCartney,Gene Vincent Hal Levy †,Run Devil Run,1999,[56]
54,"""Blue Moon of Kentucky"" (live) (Bill Monroe cover)",Paul McCartney,Bill Monroe †,Unplugged (The Official Bootleg),1991,[52]
55,"""Blue Sway""",Paul McCartney,Paul McCartney,McCartney II (Archive Collection),2011,[58]
56,"""Bluebird""",Paul McCartney and Wings,Paul McCartney Linda McCartney,Band on the Run,1973,[74]
57,"""Bogey Music""",Paul McCartney,Paul McCartney,McCartney II,1980,[82]
58,"""Bogey Wobble""",Paul McCartney,Paul McCartney,McCartney II (Archive Collection),2011,[58]
59,"""Bring It On Home to Me"" (Sam Cooke cover)",Paul McCartney,Lloyd Price †,CHOBA B CCCP,1988,[53]
60,"""Bridge on the River Suite""",The Country Hams[e],Paul McCartney Linda McCartney,"B-side to ""Walking in the Park with Eloise""",1974,[83]
61,"""The Broadcast""",Wings,Paul McCartney,Back to the Egg,1979,[51]
62,"""Broomstick""",Paul McCartney,Paul McCartney,"B-side to ""Young Boy"" (CD2)",1997,[84]
63,"""Brown Eyed Handsome Man"" (Chuck Berry cover)",Paul McCartney,Chuck Berry †,Run Devil Run,1999,[56]
64,"""Bye Bye Blackbird"" (Sam Lanin's Dance Orchestra cover)",Paul McCartney,Ray Henderson Mort Dixon †,Kisses on the Bottom,2012,[49]
65,"""C Moon""",Wings,Paul McCartney Linda McCartney,"B-side to ""Hi, Hi, Hi""",1972,[85]
66,"""C'mon Down C'mon Baby""",Paul McCartney,Paul McCartney,Flaming Pie (Archive Collection),2020,[86]
67,"""C'Mon People""",Paul McCartney,Paul McCartney,Off the Ground,1993,[79]
68,"""Caesar Rock""",Paul McCartney,Paul McCartney,Egypt Station,2018,[68]
69,"""Café on the Left Bank""",Wings,Paul McCartney,London Town,1978,[70]
70,"""Calico Skies""",Paul McCartney,Paul McCartney,Flaming Pie,1997,[75]
71,"""Call Me Back Again""",Wings,Paul McCartney Linda McCartney,Venus and Mars,1975,[87]
72,"""Celtic Stomp""",The Fireman,Paul McCartney Youth,Strawberries Oceans Ships Forest,1993,[45]
73,"""A Certain Softness""",Paul McCartney,Paul McCartney,Chaos and Creation in the Backyard,2005,[62]
74,"""Check My Machine""",Paul McCartney,Paul McCartney,"B-side to ""Waterfalls""",1980,[88]
75,"""Children Children""",Wings,Paul McCartney Denny Laine,London Town,1978,[70]
76,"""Christian Bop""",Paul McCartney,Paul McCartney,Pipes of Peace (Archive Collection),2015,[89]
77,"""The Christmas Song (Chestnuts Roasting on an Open Fire)"" (Nat King Cole cover)",Paul McCartney,Mel Tormé Robert Wells †,Holidays Rule,2012,[90]
78,"""Come and Get It""[f] (demo)",Paul McCartney,Paul McCartney,Anthology 3,1996,[92]
79,"""Come On to Me""",Paul McCartney,Paul McCartney,Egypt Station,2018,[68]
80,"""Come Together""[g]",The Smokin' Mojo Filters[h],John Lennon Paul McCartney,Non-album single,1995,[93]
81,"""Comfort of Love""",Paul McCartney,Paul McCartney,"B-side to ""Fine Line""",2005,[94]
82,"""Coming Up""[i]",Paul McCartney,Paul McCartney,McCartney II,1980,[82]
83,"""Confidante""",Paul McCartney,Paul McCartney,Egypt Station,2018,[68]
84,"""Cook of the House""",Wings,Paul McCartney Linda McCartney,Wings at the Speed of Sound,1976,[76]
85,"""Coquette"" (Guy Lombardo cover)",Paul McCartney,Johnny Green Carmen Lombardo Gus Kahn †,Run Devil Run,1999,[56]
86,"""Corridor Music""",Paul McCartney,Paul McCartney,Give My Regards to Broad Street,1984,[72]
87,"""Cosmically Conscious""",Paul McCartney,Paul McCartney,"B-side to ""Off the Ground""",1993,[96]
88,"""Country Dreamer""",Paul McCartney and Wings,Paul McCartney Linda McCartney,"B-side to ""Helen Wheels""",1973,[97]
89,"""Crackin' Up"" (Bo Diddley cover)",Paul McCartney,Ellas McDaniel †,CHOBA B CCCP,1988,[53]
90,"""Crossroads Theme""",Wings,Tony Hatch †,Venus and Mars,1975,[87]
91,"""Cuff Link""",Wings,Paul McCartney,London Town,1978,[70]
92,"""Cut Me Some Slack""","Paul McCartney, Dave Grohl, Krist Novoselic, and Pat Smear",Paul McCartney Dave Grohl Krist Novoselic Pat Smear,Sound City: Real to Reel,2013,[98]
93,"""Dance 'Til We're High""",The Fireman,Paul McCartney,Electric Arguments,2008,[99]
94,"""Dance Tonight""",Paul McCartney,Paul McCartney,Memory Almost Full,2007,[100]
95,"""Darkroom""",Paul McCartney,Paul McCartney,McCartney II,1980,[82]
96,"""Daytime Nighttime Suffering""",Wings,Paul McCartney,"B-side of ""Goodnight Tonight""",1979,[101]
97,"""Dear Boy""",Paul and Linda McCartney,Paul McCartney Linda McCartney,Ram,1971,[44]
98,"""Dear Friend""",Wings,Paul McCartney Linda McCartney,Wild Life,1971,[80]
99,"""Deep Deep Feeling""",Paul McCartney,Paul McCartney,McCartney III,2020,[102]
100,"""Deep Down""",Paul McCartney,Paul McCartney,McCartney III,2020,[102]
101,"""Deliver Your Children""",Wings,Paul McCartney Denny Laine,London Town,1978,[70]
102,"""Demons Dance""",Paul McCartney,Paul McCartney,New (Collector's edition),2014,[103]
103,"""Despite Repeated Warnings""",Paul McCartney,Paul McCartney,Egypt Station,2018,[68]
104,"""Distractions""",Paul McCartney,Paul McCartney,Flowers in the Dirt,1989,[104]
105,"""Do It Now""",Paul McCartney,Paul McCartney,Egypt Station,2018,[68]
106,"""Dominoes""",Paul McCartney,Paul McCartney,Egypt Station,2018,[68]
107,"""Don't Be Careless Love""",Paul McCartney,Paul McCartney Declan MacManus,Flowers in the Dirt,1989,[104]
108,"""Don't Break The Promise""",Paul McCartney,Paul McCartney Eric Stewart,Oobu Joobu,1995,[63][64]
109,"""Don't Get Around Much Anymore"" (Duke Ellington cover)",Paul McCartney,Duke Ellington Bob Russell †,CHOBA B CCCP,1988,[53]
110,"""Don't Let It Bring You Down""",Wings,Paul McCartney Denny Laine,London Town,1978,[70]
111,"""Don't Let the Sun Catch You Crying"" (live) (Louis Jordan And His Tympany Five cover)",Paul McCartney,Joe Greene †,Tripping the Live Fantastic,1990,[105]
112,"""Don't Stop Running""",The Fireman,Paul McCartney,Electric Arguments,2008,[99]
113,"""Down to the River""",Paul McCartney,Paul McCartney,"B-side to ""C'Mon People""",1993,[106]
114,"""Dress Me Up as a Robber""",Paul McCartney,Paul McCartney,Tug of War,1982,[73]
115,"""Drive My Car""",Various Artists,Paul McCartney,"Awareness Message Project, Volume 3",1994,[107]
116,"""Driving Rain""",Paul McCartney,Paul McCartney,Driving Rain,2001,[48]
117,"""Early Days""",Paul McCartney,Paul McCartney,New,2013,[59]
118,"""Eat at Home""",Paul and Linda McCartney,Paul McCartney Linda McCartney,Ram,1971,[44]
119,"""Ebony and Ivory""",Paul McCartney and Stevie Wonder,Paul McCartney,Tug of War,1982,[73]
120,"""Eleanor Rigby""[g] / ""Eleanor's Dream""",Paul McCartney,John Lennon Paul McCartney / Paul McCartney,Give My Regards to Broad Street,1984,[72]
121,"""The End of the End""",Paul McCartney,Paul McCartney,Memory Almost Full,2007,[100]
122,"""English Tea""",Paul McCartney,Paul McCartney,Chaos and Creation in the Backyard,2005,[62]
123,"""Ever Present Past""",Paul McCartney,Paul McCartney,Memory Almost Full,2007,[100]
124,"""Every Night""",Paul McCartney,Paul McCartney,McCartney,1970,[108]
125,"""Everybody Out There""",Paul McCartney,Paul McCartney,New,2013,[59]
126,"""Fabulous"" (Charlie Gracie cover)",Paul McCartney,Bernie Lowe Kal Mann †,"B-side to ""No Other Baby""",1999,[109]
127,"""Famous Groupies""",Wings,Paul McCartney,London Town,1978,[70]
128,"""Feet in the Clouds""",Paul McCartney,Paul McCartney,Memory Almost Full,2007,[100]
129,"""Figure of Eight""",Paul McCartney,Paul McCartney,Flowers in the Dirt,1989,[104]
130,"""Find My Way""",Paul McCartney,Paul McCartney,McCartney III,2020,[102]
131,"""Fine Line""",Paul McCartney,Paul McCartney,Chaos and Creation in the Backyard,2005,[62]
132,"""The First Stone""",Paul McCartney,Paul McCartney Hamish Stuart,"B-side to ""This One""",1989,[110]
133,"""Flaming Pie""",Paul McCartney,Paul McCartney,Flaming Pie,1997,[75]
134,"""Fluid""",The Fireman,Paul McCartney Youth,Rushes,1998,[47]
135,"""Flying to My Home""",Paul McCartney,Paul McCartney,"B-side to ""My Brave Face""",1989,[111]
136,"""Follow Me""",Paul McCartney,Paul McCartney,Chaos and Creation in the Backyard,2005,[62]
137,"""Footprints""",Paul McCartney,Paul McCartney Eric Stewart,Press to Play,1986,[60]
138,"""For No One""[g]",Paul McCartney,John Lennon Paul McCartney,Give My Regards to Broad Street,1984,[72]
139,"""FourFiveSeconds""","Rihanna, Kanye West and Paul McCartney",Kanye West Paul McCartney Kirby Lauryen Mike Dean Ty Dolla Sign Dave Longstreth Dallas Austin Elon Rutberg Noah Goldstein,Non-album single,2015,[112]
140,"""Frank Sinatra's Party""",Paul McCartney,Paul McCartney,Egypt Station (Explorer's edition),2019,[113]
141,"""Free Now""",Paul McCartney,Paul McCartney The Beatles Super Furry Animals,Liverpool Sound Collage,2000,[114]
142,"""Freedom"" (live)",Paul McCartney,Paul McCartney,Driving Rain,2001,[48]
143,"""Friends to Go""",Paul McCartney,Paul McCartney,Chaos and Creation in the Backyard,2005,[62]
144,"""From a Lover to a Friend""",Paul McCartney,Paul McCartney,Driving Rain,2001,[48]
145,"""Front Parlour""",Paul McCartney,Paul McCartney,McCartney II,1980,[82]
146,"""Frozen Jap""",Paul McCartney,Paul McCartney,McCartney II,1980,[82]
147,"""Fuh You""",Paul McCartney,Paul McCartney Ryan Tedder,Egypt Station,2018,[68]
148,"""Get Enough""",Paul McCartney,Paul McCartney Ryan Tedder,Non-album single,2019,[115]
149,"""Get It""",Paul McCartney and Carl Perkins,Paul McCartney,Tug of War,1982,[73]
150,"""Get Me Out of Here""",Paul McCartney,Paul McCartney,New (Deluxe edition),2013,[116]
151,"""Get on the Right Thing""",Paul McCartney and Wings,Paul McCartney Linda McCartney,Red Rose Speedway,1973,[77]
152,"""Get Out of My Way""",Paul McCartney,Paul McCartney,Off the Ground,1993,[79]
153,"""Get Started""",Paul McCartney,Paul McCartney,Egypt Station (Explorer's edition),2019,[113]
154,"""Get Yourself Another Fool"" (Sam Cooke cover)",Paul McCartney,Haywood Henry Monroe Tucker †,Kisses on the Bottom,2012,[49]
155,"""Getting Closer""",Wings,Paul McCartney,Back to the Egg,1979,[51]
156,"""The Girl Is Mine""",Michael Jackson and Paul McCartney,Michael Jackson †,Thriller (Michael Jackson album),1982,[117]
157,"""Girlfriend""",Wings,Paul McCartney,London Town,1978,[70]
158,"""Girls' School""",Wings,Paul McCartney,"B-side to ""Mull of Kintyre""",1977,[118]
159,"""Give Ireland Back to the Irish""[j]",Wings,Paul McCartney Linda McCartney,Non-album single,1972,[120]
160,"""The Glory of Love"" (Benny Goodman cover)",Paul McCartney,Billy Hill †,Kisses on the Bottom,2012,[49]
161,"""Go Now"" (live) (Bessie Banks cover)",Wings,Larry Banks Milton Bennett †,Wings over America,1976,[121]
162,"""Going to New Orleans (My Carnival)""",Wings,Paul McCartney Linda McCartney,Venus and Mars (Archive Collection),2014,[46]
163,"""Golden Earth Girl""",Paul McCartney,Paul McCartney,Off the Ground,1993,[79]
164,"""Good Day Sunshine""[g]",Paul McCartney,John Lennon Paul McCartney,Give My Regards to Broad Street,1984,[72]
165,"""Good Rockin' Tonight"" (live) (Roy Brown cover)",Paul McCartney,Roy Brown †,Unplugged (The Official Bootleg),1991,[52]
166,"""Good Sign""",Paul McCartney,Paul McCartney,"B-side to ""This One""",1989,[110]
167,"""Good Times Coming/Feel the Sun""",Paul McCartney,Paul McCartney,Press to Play,1986,[60]
168,"""Goodbye""[k] (demo)",Paul McCartney,John Lennon Paul McCartney,Abbey Road (Super Deluxe edition),2019,[123]
169,"""Goodnight Princess""",Paul McCartney,Paul McCartney,Give My Regards to Broad Street,1984,[72]
170,"""Goodnight Tonight""",Wings,Paul McCartney,Non-album single,1979,[101]
171,"""Gratitude""",Paul McCartney,Paul McCartney,Memory Almost Full,2007,[100]
172,"""Great Cock and Seagull Race"" (Dixon Van Winkle Mix)",Paul and Linda McCartney,Paul McCartney,Ram (Archive Collection),2012,[124]
173,"""Great Day""",Paul McCartney,Paul McCartney,Flaming Pie,1997,[75]
174,"""Growing Up, Falling Down""",Paul McCartney,Paul McCartney,"B-side to ""Fine Line""",2005,[94]
175,"""Hand in Hand""",Paul McCartney,Paul McCartney,Egypt Station,2018,[68]
176,"""Hanglide""",Paul McCartney,Paul McCartney,"B-side to ""Press""",1986,[125]
177,"""Happy with You""",Paul McCartney,Paul McCartney,Egypt Station,2018,[68]
178,"""Heal the Pain""",George Michael with Paul McCartney,George Michael †,Non-album single,2008,[126]
179,"""Heart of the Country""",Paul and Linda McCartney,Paul McCartney Linda McCartney,Ram,1971,[44]
180,"""Heather""",Paul McCartney,Paul McCartney,Driving Rain,2001,[48]
181,"""Heaven on a Sunday""",Paul McCartney,Paul McCartney,Flaming Pie,1997,[75]
182,"""Helen Wheels""",Paul McCartney and Wings,Paul McCartney Linda McCartney,Non-album single,1973,[97]
183,"""Hell to Pay""",Paul McCartney,Paul McCartney,New (Collector's Edition),2014,[103]
184,"""Here Today""",Paul McCartney,Paul McCartney,Tug of War,1982,[73]
185,"""Here, There and Everywhere""[g]",Paul McCartney,John Lennon Paul McCartney,Give My Regards to Broad Street,1984,[72]
186,"""Hey Diddle"" (Dixon Van Winkle Mix)",Paul and Linda McCartney,Paul McCartney Linda McCartney,Ram (Archive Collection),2012,[124]
187,"""Hey Hey""",Paul McCartney,Paul McCartney Stanley Clarke,Pipes of Peace,1983,[65]
188,"""Hi, Hi, Hi""",Wings,Paul McCartney Linda McCartney,Non-album single,1972,[85]
189,"""Hi-Heel Sneakers"" (live) (Tommy Tucker cover)",Paul McCartney,Robert Higginbotham †,Unplugged (The Official Bootleg),1991,[52]
190,"""Highway""",The Fireman,Paul McCartney,Electric Arguments,2008,[99]
191,"""Hold Me Tight/Lazy Dynamite/Hands of Love/Power Cut""",Paul McCartney and Wings,Paul McCartney Linda McCartney,Red Rose Speedway,1973,[77]
192,"""Home Tonight""",Paul McCartney,Paul McCartney,Non-album single,2019,[127]
193,"""Home (When Shadows Fall)"" (Peter van Steeden cover)",Paul McCartney,Peter van Steeden Jeff Clarkson Harry Clarkson †,Kisses on the Bottom,2012,[49]
194,"""Honey Hush"" (Big Joe Turner cover)",Paul McCartney,Lou Willie Turner †,Run Devil Run,1999,[56]
195,"""Hope for the Future""[l]",Paul McCartney,Paul McCartney,Non-album single,2014,[128]
196,"""Hope of Deliverance""",Paul McCartney,Paul McCartney,Off the Ground,1993,[79]
197,"""Hosanna""",Paul McCartney,Paul McCartney,New,2013,[59]
198,"""Hot as Sun/Glasses""",Paul McCartney,Paul McCartney,McCartney,1970,[108]
199,"""House of Wax""",Paul McCartney,Paul McCartney,Memory Almost Full,2007,[100]
200,"""How Kind of You""",Paul McCartney,Paul McCartney,Chaos and Creation in the Backyard,2005,[62]
201,"""How Many People""",Paul McCartney,Paul McCartney,Flowers in the Dirt,1989,[104]
202,"""However Absurd""",Paul McCartney,Paul McCartney Eric Stewart,Press to Play,1986,[60]
203,"""Hunt You Down/Naked/C-Link""",Paul McCartney,Paul McCartney,Egypt Station,2018,[68]
204,"""I Am Your Singer""",Wings,Paul McCartney Linda McCartney,Wild Life,1971,[80]
205,"""I Can Bet""",Paul McCartney,Paul McCartney,New,2013,[59]
206,"""I Can't Imagine""",Paul McCartney,Paul McCartney,"B-side to ""C'Mon People""",1993,[106]
207,"""I Do""",Paul McCartney,Paul McCartney,Driving Rain,2001,[48]
208,"""I Don't Know""",Paul McCartney,Paul McCartney,Egypt Station,2018,[68]
209,"""I Don't Want to Confess"" (demo)",Paul McCartney,Paul McCartney Declan MacManus,Flowers in the Dirt (Archive Collection),2017,[129]
210,"""I Got Stung"" (Elvis Presley cover)",Paul McCartney,David Hill Aaron Schroeder †,Run Devil Run,1999,[56]
211,"""I Lie Around""",Paul McCartney and Wings,Paul McCartney Linda McCartney,"B-side to ""Live and Let Die""",1973,[130]
212,"""I Lost My Little Girl"" (live)",Paul McCartney,Paul McCartney,Unplugged (The Official Bootleg),1991,[52]
213,"""I Love This House""",Paul McCartney,Paul McCartney,Oobu Joobu,1995,[63][64]
214,"""I Owe It All to You""",Paul McCartney,Paul McCartney,Off the Ground,1993,[79]
215,"""I Wanna Cry""",Paul McCartney,Paul McCartney,"B-side to ""This One""",1989,[110]
216,"""(I Want to) Come Home""",Paul McCartney,Paul McCartney,Non-album single,2010,[131]
217,"""I Want to Walk You Home"" (Fats Domino cover)",Paul McCartney and Allen Toussaint,Antoine Domino Dave Bartholomew †,Goin' Home: A Tribute to Fats Domino,2007,[132]
218,"""I Want You to Fly""",Paul McCartney,Paul McCartney,"B-side to ""Jenny Wren"" (CD single)",2005,[133]
219,"""I Would Only Smile""",Paul McCartney and Wings,Denny Laine †,Red Rose Speedway (Archive Collection),2018,[42]
220,"""I'll Give You a Ring""",Paul McCartney,Paul McCartney,"B-side to ""Take It Away""",1982,[134]
221,"""I'm Carrying""",Wings,Paul McCartney,London Town,1978,[70]
222,"""I'm Gonna Be a Wheel Someday"" (Bobby Mitchell & the Toppers cover)",Paul McCartney,Antoine Domino Dave Bartholomew Roy Hayes †,CHOBA B CCCP,1988,[53]
223,"""I'm Gonna Sit Right Down and Write Myself a Letter"" (Fats Waller cover)",Paul McCartney,Fred E. Ahlert Joe Young †,Kisses on the Bottom,2012,[49]
224,"""I'm in Love Again"" (Fats Domino cover)",Paul McCartney,Antoine Domino Dave Bartholomew †,"B-side to ""This One""",1989,[110]
225,"""I'm Partial to Your Abracadabra"" (Ian Dury cover)",Paul McCartney and The Blockheads,Ian Dury Chaz Jankel †,Brand New Boots and Panties: A Tribute to Ian Dury,2001,[135]
226,"""I've Had Enough""",Wings,Paul McCartney,London Town,1978,[70]
227,"""I've Only Got Two Hands"" (hidden track)",Paul McCartney,Paul McCartney,Chaos and Creation in the Backyard,2005,[62]
228,"""If You Wanna""",Paul McCartney,Paul McCartney,Flaming Pie,1997,[75]
229,"""In a Hurry""",Paul McCartney,Paul McCartney,Non-album single,2019,[127]
230,"""In Private""",Paul McCartney,Paul McCartney,Memory Almost Full (2-CD edition),2007,[43]
231,"""In the Blink of an Eye""",Paul McCartney,Paul McCartney,Ethel & Ernest (soundtrack),2016,[136]
232,"""The Inch Worm"" (Danny Kaye cover)",Paul McCartney,Frank Loesser †,Kisses on the Bottom,2012,[49]
233,"""Indeed I Do""",Wings,Paul McCartney Linda McCartney,Wild Life (Archive Collection),2018,[50]
234,"""Is This Love?""",The Fireman,Paul McCartney,Electric Arguments,2008,[99]
235,"""It's Not On"" (demo)",Paul McCartney,Paul McCartney,Pipes of Peace (Archive Collection),2015,[89]
236,"""It's Not True""",Paul McCartney,Paul McCartney,"B-side to ""Press""",1986,[125]
237,"""It's Now or Never"" (Elvis Presley cover)",Paul McCartney,Aaron Schroeder Wally Gold Eduardo di Capua †,The Last Temptation of Elvis,1990,[137]
238,"""It's Only a Paper Moon"" (Claire Carleton cover)",Paul McCartney,Harold Arlen E. Y. Harburg Billy Rose †,Kisses on the Bottom,2012,[49]
239,"""It's So Easy""[m] (The Crickets cover)",Paul McCartney,Buddy Holly Norman Petty †,Rave On Buddy Holly,2011,[138]
240,"""Jazz Street""",Paul McCartney and Wings,Paul McCartney Linda McCartney,Red Rose Speedway (Archive Collection),2018,[42]
241,"""Jenny Wren""",Paul McCartney,Paul McCartney,Chaos and Creation in the Backyard,2005,[62]
242,"""Jet""",Paul McCartney and Wings,Paul McCartney Linda McCartney,Band on the Run,1973,[74]
243,"""Junior's Farm""",Wings,Paul McCartney Linda McCartney,Non-album single,1974,[139]
244,"""Junk""[n]",Paul McCartney,Paul McCartney,McCartney,1970,[108]
245,"""Just Because"" (Nelstone's Hawaiians cover)",Paul McCartney,Bob Shelton Joe Shelton Sydney Robin †,CHOBA B CCCP,1988,[53]
246,"""Kansas City"" (Little Willie Littlefield cover)",Paul McCartney,Jerry Leiber Mike Stoller †,CHOBA B CCCP,1988,[53]
247,"""Keep Coming Back to Love""",Paul McCartney,Paul McCartney Hamish Stuart,"B-side to ""C'Mon People""",1993,[106]
248,"""Keep Under Cover""",Paul McCartney,Paul McCartney,Pipes of Peace,1983,[65]
249,"""Kicked Around No More""",Paul McCartney,Paul McCartney,"B-side to ""Hope of Deliverance""",1992,[78]
250,"""The Kiss Of Venus""",Paul McCartney,Paul McCartney,McCartney III,2020,[102]
251,"""Kreen-Akrore""",Paul McCartney,Paul McCartney,McCartney,1970,[108]
252,"""Lalula""",Paul McCartney,Paul McCartney,Twin Freaks,2005,[140]
253,"""Lawdy Miss Clawdy"" (Lloyd Price cover)",Paul McCartney,Lloyd Price †,CHOBA B CCCP,1988,[53]
254,"""Lavatory Lil""",Paul McCartney,Paul McCartney,McCartney III,2020,[102]
255,"""Let 'Em In""",Wings,Paul McCartney Linda McCartney,Wings at the Speed of Sound,1976,[76]
256,"""Let Me Roll It""",Paul McCartney and Wings,Paul McCartney Linda McCartney,Band on the Run,1973,[74]
257,"""Let's Love""",Wings,Paul McCartney Linda McCartney,Venus and Mars (Archive Collection),2014,[46]
258,"""Letting Go""",Wings,Paul McCartney Linda McCartney,Venus and Mars,1975,[87]
259,"""Lifelong Passion""",The Fireman,Paul McCartney,Electric Arguments,2008,[99]
260,"""Light from Your Lighthouse""",The Fireman,Paul McCartney,Electric Arguments,2008,[99]
261,"""Listen to What the Man Said""",Wings,Paul McCartney Linda McCartney,Venus and Mars,1975,[87]
262,"""Little Lamb Dragonfly""",Paul McCartney and Wings,Paul McCartney Linda McCartney,Red Rose Speedway,1973,[77]
263,"""Little Willow""",Paul McCartney,Paul McCartney,Flaming Pie,1997,[75]
264,"""Little Woman Love""",Wings,Paul McCartney Linda McCartney,"B-side to ""Mary Had a Little Lamb""",1972,[141]
265,"""Live and Let Die""",Paul McCartney and Wings,Paul McCartney Linda McCartney,Non-album single,1973,[142]
266,"""London Town""",Wings,Paul McCartney Denny Laine,London Town,1978,[70]
267,"""Lonesome Town"" (Ricky Nelson cover)",Paul McCartney,Baker Knight †,Run Devil Run,1999,[56]
268,"""Lonely Road""",Paul McCartney,Paul McCartney,Driving Rain,2001,[48]
269,"""The Long and Winding Road""[g][o]",Paul McCartney,John Lennon Paul McCartney,Give My Regards to Broad Street,1984,[72]
270,"""Long-Haired Lady""",Paul and Linda McCartney,Paul McCartney Linda McCartney,Ram,1971,[44]
271,"""Long Leather Coat""",Paul McCartney,Paul McCartney Linda McCartney,"B-side to ""Hope of Deliverance""",1992,[78]
272,"""Long Tailed Winter Bird""",Paul McCartney,Paul McCartney,McCartney III,2020,[102]
273,"""Looking at Her""",Paul McCartney,Paul McCartney,New,2013,[59]
274,"""Looking for Changes""",Paul McCartney,Paul McCartney,Off the Ground,1993,[79]
275,"""Looking for You""",Paul McCartney,Paul McCartney,"B-side to ""Young Boy"" (CD1)",1997,[144]
276,"""Loup (1st Indian on the Moon)""",Paul McCartney and Wings,Paul McCartney Linda McCartney,Red Rose Speedway,1973,[77]
277,"""Love Come Tumbling Down""",Paul McCartney,Paul McCartney,"B-side to ""Beautiful Night"" (CD1)",1997,[145]
278,"""A Love for You""",Paul McCartney,Paul McCartney,Music from the Motion Picture The In-Laws,2003,[146]
279,"""Love in Song""",Wings,Paul McCartney Linda McCartney,Venus and Mars,1975,[87]
280,"""Love Is Strange"" (Mickey & Sylvia cover)",Wings,Mickey Baker Ethel Smith †,Wild Life,1971,[80]
281,"""Love Mix""",Paul McCartney,Paul McCartney,Oobu Joobu,1995,[64]
282,"""Love My Baby"" (from ""One Hand Clapping"")",Wings,Paul McCartney Linda McCartney,Venus and Mars (Archive Collection),2014,[46]
283,"""Loveliest Thing""",Paul McCartney,Paul McCartney,"B-side to ""Figure of Eight"" (CD single)",1989,[143]
284,"""The Lovely Linda""",Paul McCartney,Paul McCartney,McCartney,1970,[108]
285,"""Lovers in a Dream""",The Fireman,Paul McCartney,Electric Arguments,2008,[99]
286,"""The Lovers That Never Were""",Paul McCartney,Paul McCartney Declan MacManus,Off the Ground,1993,[79]
287,"""Lucille"" (Little Richard cover)",Paul McCartney,Richard Penniman Albert Collins †,CHOBA B CCCP,1988,[53]
288,"""Lunch Box/Odd Sox""",Wings,Paul McCartney,"B-side to ""Coming Up""",1980,[95]
289,"""Made Up""",Paul McCartney,Paul McCartney The Beatles,Liverpool Sound Collage,2000,[114]
290,"""Magic""",Paul McCartney,Paul McCartney,Driving Rain,2001,[48]
291,"""Magneto and Titanium Man""",Wings,Paul McCartney Linda McCartney,Venus and Mars,1975,[87]
292,"""Mama's Little Girl""",Wings,Paul McCartney,"B-side to ""Put It There""",1990,[147]
293,"""Mamunia""",Paul McCartney and Wings,Paul McCartney Linda McCartney,Band on the Run,1973,[74]
294,"""The Man""",Paul McCartney and Michael Jackson,Paul McCartney Michael Jackson,Pipes of Peace,1983,[65]
295,"""Man We Was Lonely""",Paul McCartney,Paul McCartney,McCartney,1970,[108]
296,"""Mary Had a Little Lamb""",Wings,Paul McCartney Linda McCartney,Non-album single,1972,[141]
297,"""Maybe Baby"" (Buddy Holly cover)",Paul McCartney,Buddy Holly Norman Petty †,Maybe Baby (soundtrack),2000,[148]
298,"""Maybe I'm Amazed""",Paul McCartney,Paul McCartney,McCartney,1970,[108]
299,"""Medicine Jar""",Wings,Jimmy McCulloch Colin Allen †,Venus and Mars,1975,[87]
300,"""The Mess"" (live)[p]",Paul McCartney and Wings,Paul McCartney Linda McCartney,"B-side to ""My Love""",1973,[149]
301,"""Midnight Special""",Paul McCartney,Traditional †,CHOBA B CCCP,1988,[53]
302,"""Mistress and Maid""",Paul McCartney,Paul McCartney Declan MacManus,Off the Ground,1993,[79]
303,"""Momma Miss America""",Paul McCartney,Paul McCartney,McCartney,1970,[108]
304,"""Monkberry Moon Delight""",Paul and Linda McCartney,Paul McCartney Linda McCartney,Ram,1971,[44]
305,"""More I Cannot Wish You"" (Pat Rooney Sr. cover)",Paul McCartney,Frank Loesser †,Kisses on the Bottom,2012,[49]
306,"""Morse Moose and the Grey Goose""",Wings,Paul McCartney Denny Laine,London Town,1978,[70]
307,"""Motor of Love""",Paul McCartney,Paul McCartney,Flowers in the Dirt,1989,[104]
308,"""Move Over Busker""",Paul McCartney,Paul McCartney Eric Stewart,Press to Play,1986,[60]
309,"""Movie Magg"" (Carl Perkins cover)",Paul McCartney,Carl Perkins †,Run Devil Run,1999,[56]
310,"""Mr. H. Atom/You Know I'll Get You Baby""",Paul McCartney,Paul McCartney,McCartney II (Archive Collection),2011,[58]
311,"""Mr. Bellamy""",Paul McCartney,Paul McCartney,Memory Almost Full,2007,[100]
312,"""Mrs. Vandebilt""",Paul McCartney and Wings,Paul McCartney Linda McCartney,Band on the Run,1973,[74]
313,"""Mull of Kintyre""",Wings,Paul McCartney Denny Laine,Non-album single,1977,[118]
314,"""Mumbo""",Wings,Paul McCartney Linda McCartney,Wild Life,1971,[80]
315,"""Mumbo Link""",Wings,Paul McCartney Linda McCartney,Wild Life (1993 remaster),1993,[81]
316,"""Must Do Something About It""",Wings,Paul McCartney Linda McCartney,Wings at the Speed of Sound,1976,[76]
317,"""My Brave Face""",Paul McCartney,Paul McCartney Declan MacManus,Flowers in the Dirt,1989,[104]
318,"""My Carnival""",Wings,Paul McCartney,"B-side to ""Spies Like Us""",1985,[150]
319,"""My Love""",Paul McCartney and Wings,Paul McCartney Linda McCartney,Red Rose Speedway,1973,[77]
320,"""My One and Only Love"" (Vic Damone cover)",Paul McCartney,Guy Wood Robert Mellin †,Kisses on the Bottom (Deluxe edition),2012,[67]
321,"""My Valentine""",Paul McCartney,Paul McCartney,Kisses on the Bottom,2012,[49]
322,"""My Very Good Friend the Milkman"" (Fats Waller cover)",Paul McCartney,Harold Spina Johnny Burke †,Kisses on the Bottom,2012,[49]
323,"""Name and Address""",Wings,Paul McCartney,London Town,1978,[70]
324,"""New""",Paul McCartney,Paul McCartney,New,2013,[59]
325,"""Night Out""",Paul McCartney and Wings,Paul McCartney Linda McCartney,Red Rose Speedway (Archive Collection),2018,[42]
326,"""Nineteen Hundred and Eighty-Five""",Paul McCartney and Wings,Paul McCartney Linda McCartney,Band on the Run,1973,[74]
327,"""No More Lonely Nights""[q]",Paul McCartney,Paul McCartney,Give My Regards to Broad Street,1984,[72]
328,"""No More Lonely Nights (Ballad Reprise)""",Paul McCartney,Paul McCartney,Give My Regards to Broad Street,1984,[72]
329,"""No Other Baby"" (Dickie Bishop and the Sidekicks cover)",Paul McCartney,Dickie Bishop Bob Watson †,Run Devil Run,1999,[56]
330,"""No Values""",Paul McCartney,Paul McCartney,Give My Regards to Broad Street,1984,[72]
331,"""No Words""",Paul McCartney and Wings,Paul McCartney Denny Laine,Band on the Run,1973,[74]
332,"""Nobody Knows""",Paul McCartney,Paul McCartney,McCartney II,1980,[82]
333,"""Nod Your Head""",Paul McCartney,Paul McCartney,Memory Almost Full,2007,[100]
334,"""The Note You Never Wrote""",Wings,Paul McCartney Linda McCartney,Wings at the Speed of Sound,1976,[76]
335,"""Nothing for Free""",Paul McCartney,Paul McCartney Ryan Tedder,Egypt Station (Explorer's edition),2019,[113]
336,"""Nothing Too Much Just Out of Sight""",Paul McCartney,Paul McCartney,Electric Arguments,2008,[99]
337,"""Not Such a Bad Boy""",Paul McCartney,Paul McCartney,Give My Regards to Broad Street,1984,[72]
338,"""Ode to a Koala Bear""",Paul McCartney,Paul McCartney,"B-side to ""Say Say Say""",1983,[151]
339,"""Off the Ground""",Paul McCartney,Paul McCartney,Off the Ground,1993,[79]
340,"""Oh Woman, Oh Why""",Paul McCartney,Paul McCartney,"B-side to ""Another Day""",1971,[61]
341,"""Old Siam, Sir""",Wings,Paul McCartney,Back to the Egg,1979,[51]
342,"""On My Way to Work""",Paul McCartney,Paul McCartney,New,2013,[59]
343,"""On the Way""",Paul McCartney,Paul McCartney,McCartney II,1980,[82]
344,"""Once Upon a Long Ago""",Paul McCartney,Paul McCartney,All the Best!,1987,[152]
345,"""One More Kiss""",Paul McCartney and Wings,Paul McCartney Linda McCartney,Red Rose Speedway,1973,[77]
346,"""One of These Days""",Paul McCartney,Paul McCartney,McCartney II,1980,[82]
347,"""Only Love Remains""",Paul McCartney,Paul McCartney,Press to Play,1986,[60]
348,"""Only Mama Knows""",Paul McCartney,Paul McCartney,Memory Almost Full,2007,[100]
349,"""Only One""",Kanye West featuring Paul McCartney,Kanye West Paul McCartney Kirby Lauryen Mike Dean Noah Goldstein,Non-album single,2014,[153]
350,"""Only Our Hearts""",Paul McCartney,Paul McCartney,Kisses on the Bottom,2012,[49]
351,"""Oo You""",Paul McCartney,Paul McCartney,McCartney,1970,[108]
352,"""Opening Station""",Paul McCartney,Paul McCartney,Egypt Station,2018,[68]
353,"""The Other Me""",Paul McCartney,Paul McCartney,Pipes of Peace,1983,[65]
354,"""Out of Sight""",The Bloody Beetroots featuring Paul McCartney & Youth,Paul McCartney,Non-album single,2013,[154]
355,"""Où est le Soleil?""",Paul McCartney,Paul McCartney,"B-side to ""Figure of Eight"" (7"" single)",1989,[155]
356,"""Palo Verde""",The Fireman,Paul McCartney Youth,Rushes,1998,[47]
357,"""Party"" (Wanda Jackson cover)",Paul McCartney,Jessie Mae Robinson †,Run Devil Run,1999,[56]
358,"""Party, Party""",Paul McCartney,"Paul McCartney Linda McCartney Robbie McIntosh Hamish Stuart Chris Whitten Paul ""Wix"" Wickens",Flowers in the Dirt: Special Package (1990 Japanese tour edition),1990,[156]
359,"""Peace in the Neighbourhood""",Paul McCartney,Paul McCartney,Off the Ground,1993,[79]
360,"""People Want Peace""",Paul McCartney,Paul McCartney,Egypt Station,2018,[68]
361,"""Peter Blake 2000""",Paul McCartney,Super Furry Animals The Beatles,Liverpool Sound Collage,2000,[114]
362,"""Picasso's Last Words (Drink to Me)""",Paul McCartney and Wings,Paul McCartney Linda McCartney,Band on the Run,1973,[74]
363,"""Pipes of Peace""",Paul McCartney,Paul McCartney,Pipes of Peace,1983,[65]
364,"""Plastic Beetle""",Paul McCartney,Paul McCartney The Beatles,Liverpool Sound Collage,2000,[114]
365,"""Playboy to a Man"" (demo)",Paul McCartney,Paul McCartney Declan MacManus,Flowers in the Dirt (Archive Collection),2017,[129]
366,"""The Pound Is Sinking""",Paul McCartney,Paul McCartney,Tug of War,1982,[73]
367,"""Press""",Paul McCartney,Paul McCartney,Press to Play,1986,[60]
368,"""Pretty Boys""",Paul McCartney,Paul McCartney,McCartney III,2020,[102]
369,"""Pretty Little Head""",Paul McCartney,Paul McCartney,Press to Play,1986,[60]
370,"""Promise to You Girl""",Paul McCartney,Paul McCartney,Chaos and Creation in the Backyard,2005,[62]
371,"""Pure Trance""",The Fireman,Paul McCartney Youth,Strawberries Oceans Ships Forest,1993,[45]
372,"""Put It There""",Paul McCartney,Paul McCartney,Flowers in the Dirt,1989,[104]
373,"""Queenie Eye""",Paul McCartney,Paul McCartney Paul Epworth,New,2013,[59]
374,"""Rainclouds""",Paul McCartney,Paul McCartney,"B-side to ""Ebony and Ivory""",1982,[157]
375,"""Ram On""",Paul and Linda McCartney,Paul McCartney,Ram,1971,[44]
376,"""Ram On (Reprise)""",Paul and Linda McCartney,Paul McCartney,Ram,1971,[44]
377,"""Real Gone Dub Made in Manifest in the Vortex of the Eternal Now""",Paul McCartney,Youth †,Liverpool Sound Collage,2000,[114]
378,"""Really Love You""",Paul McCartney,Paul McCartney Richard Starkey,Flaming Pie,1997,[75]
379,"""Reception""",Wings,Paul McCartney,Back to the Egg,1979,[51]
380,"""Richard Cory"" (live) (Simon & Garfunkel cover)",Wings,Paul Simon †,Wings over America,1976,[121]
381,"""Riding into Jaipur""",Paul McCartney,Paul McCartney,Driving Rain,2001,[48]
382,"""Riding to Vanity Fair""",Paul McCartney,Paul McCartney,Chaos and Creation in the Backyard,2005,[62]
383,"""Rinse the Raindrops""",Paul McCartney,Paul McCartney,Driving Rain,2001,[48]
384,"""Road""",Paul McCartney,Paul McCartney Paul Epworth,New,2013,[59]
385,"""Road Trip"" (hidden track)",The Fireman,Paul McCartney,Electric Arguments,2008,[99]
386,"""Rock Show""",Wings,Paul McCartney Linda McCartney,Venus and Mars,1975,[87]
387,"""Rockestra Theme""",Wings,Paul McCartney,Back to the Egg,1979,[51]
388,"""Rode All Night""",Paul and Linda McCartney,Paul McCartney,Ram (Archive Collection),2012,[124]
389,"""A Room with a View"" (Noël Coward cover)",Paul McCartney,Noël Coward †,Twentieth-Century Blues: The Songs of Noël Coward,1998,[158]
390,"""Rough Ride""",Paul McCartney,Paul McCartney,Flowers in the Dirt,1989,[104]
391,"""Rudolph the Red-Nosed Reggae""",Paul McCartney,Johnny Marks †,"B-side to ""Wonderful Christmastime""",1979,[159]
392,"""Run Devil Run""",Paul McCartney,Paul McCartney,Run Devil Run,1999,[56]
393,"""Sally G.""",Wings,Paul McCartney Linda McCartney,"B-side to ""Junior's Farm""",1974,[139]
394,"""Same Love""",Paul McCartney,Paul McCartney,"B-side to ""Beautiful Night"" (CD2)",1997,[160]
395,"""Same Time, Next Year""",Wings,Paul McCartney,"B-side to ""Put It There""",1990,[147]
396,"""San Ferry Anne""",Wings,Paul McCartney Linda McCartney,Wings at the Speed of Sound,1976,[76]
397,"""San Francisco Bay Blues"" (live) (Jesse Fuller cover)",Paul McCartney,Jesse Fuller †,Unplugged (The Official Bootleg),1991,[52]
398,"""Save Us""",Paul McCartney,Paul McCartney Paul Epworth,New,2013,[59]
399,"""Say Say Say""",Paul McCartney and Michael Jackson,Paul McCartney Michael Jackson,Pipes of Peace,1983,[65]
400,"""Scared"" (hidden track)",Paul McCartney,Paul McCartney,New,2013,[59]
401,"""Seaside Woman""",Suzy and the Red Stripes[b],Linda McCartney †,Non-album single,1977,[66]
402,"""Secret Friend""",Paul McCartney,Paul McCartney,"B-side to ""Temporary Secretary""",1980,[161]
403,"""See Your Sunshine""",Paul McCartney,Paul McCartney,Memory Almost Full,2007,[100]
404,"""Seize The Day""",Paul McCartney,Paul McCartney,McCartney III,2020,[102]
405,"""Sgt. Pepper's Lonely Hearts Club Band""[g]",Paul McCartney and U2,John Lennon Paul McCartney,Non-album single,2005,[162]
406,"""Shake a Hand"" (Faye Adams cover)",Paul McCartney,Joe Morris †,Run Devil Run,1999,[56]
407,"""Shallow Grave"" (demo)",Paul McCartney,Paul McCartney Declan MacManus,Flowers in the Dirt (Archive Collection),2017,[129]
408,"""She Got It Good"" (home recording)",Wings,Paul McCartney,Wild Life (Archive Collection),2018,[50]
409,"""She Is So Beautiful""",Paul McCartney,Paul McCartney,Chaos and Creation in the Backyard (Japanese edition),2005,[62]
410,"""She Said Yeah"" (Larry Williams cover)",Paul McCartney,Larry Williams †,Run Devil Run,1999,[56]
411,"""She's Given Up Talking""",Paul McCartney,Paul McCartney,Driving Rain,2001,[48]
412,"""She's My Baby""",Wings,Paul McCartney,Wings at the Speed of Sound,1976,[76]
413,"""Silly Love Songs""[d]",Wings,Paul McCartney Linda McCartney,Wings at the Speed of Sound,1976,[76]
414,"""Silly Love Songs (Reprise)""",Paul McCartney,Paul McCartney,Give My Regards to Broad Street,1984,[72]
415,"""Simple as That""",Paul McCartney,Paul McCartney,The Anti-Heroin Project – It's a Live-in World,1986,[163]
416,"""Sing the Changes""",The Fireman,Paul McCartney,Electric Arguments,2008,[99]
417,"""Singing the Blues"" (live) (Marty Robbins cover)",Paul McCartney,Melvin Endsley †,Unplugged (The Official Bootleg),1991,[52]
418,"""Single Pigeon""",Paul McCartney and Wings,Paul McCartney Linda McCartney,Red Rose Speedway,1973,[77]
419,"""Sixty Second Street""",Paul McCartney,Paul McCartney,Egypt Station (Explorer's edition),2019,[113]
420,"""Slidin'""",Paul McCartney,Paul McCartney,McCartney III,2020,[102]
421,"""Smile Away""",Paul and Linda McCartney,Paul McCartney,Ram,1971,[44]
422,"""So Bad""[d]",Paul McCartney,Paul McCartney,Pipes of Peace,1983,[65]
423,"""So Glad to See You Here""",Wings,Paul McCartney,Back to the Egg,1979,[51]
424,"""So Like Candy"" (demo)",Paul McCartney,Paul McCartney Declan MacManus,Flowers in the Dirt (Archive Collection),2017,[129]
425,"""Soggy Noodle""",Paul McCartney,Paul McCartney,"B-side to ""Off the Ground""",1993,[96]
426,"""Soily"" (live)",Wings,Paul McCartney Linda McCartney,Wings over America,1976,[121]
427,"""Some People Never Know""",Wings,Paul McCartney Linda McCartney,Wild Life,1971,[80]
428,"""Somebody Who Cares""",Paul McCartney,Paul McCartney,Tug of War,1982,[73]
429,"""Somedays""",Paul McCartney,Paul McCartney,Flaming Pie,1997,[75]
430,"""Something That Didn't Happen"" (demo)",Paul McCartney,Paul McCartney,Tug of War (Archive Collection),2015,[164]
431,"""The Song We Were Singing""",Paul McCartney,Paul McCartney,Flaming Pie,1997,[75]
432,"""Souvenir""",Paul McCartney,Paul McCartney,Flaming Pie,1997,[75]
433,"""Spies Like Us""",Paul McCartney,Paul McCartney,Non-album single,1985,[165]
434,"""Spin It On""",Wings,Paul McCartney,Back to the Egg,1979,[51]
435,"""Spinning on an Axis""",Paul McCartney,Paul McCartney James McCartney,Driving Rain,2001,[48]
436,"""Spirits of Ancient Egypt""",Wings,Paul McCartney Linda McCartney,Venus and Mars,1975,[87]
437,"""Squid""",Paul McCartney,Paul McCartney,Oobu Joobu,1995,[63][64]
438,"""Station II""",Paul McCartney,Paul McCartney,Egypt Station,2018,[68]
439,"""Stop, You Don't Know Where She Came From"" (demo)",Paul McCartney,Paul McCartney,Tug of War (Archive Collection),2015,[164]
440,"""Stranglehold""",Paul McCartney,Paul McCartney Eric Stewart,Press to Play,1986,[60]
441,"""Strawberries Oceans Ships Forest""",The Fireman,Paul McCartney Youth,Strawberries Oceans Ships Forest,1993,[45]
442,"""Struggle""",Paul McCartney,Paul McCartney,New (Japanese edition),2013,[166]
443,"""Style Style""",Paul McCartney,Paul McCartney,"B-side to ""Off the Ground""",1993,[96]
444,"""Suicide""",Paul McCartney,Paul McCartney,McCartney (Archive Collection),2011,[167]
445,"""Summer of '59""",Paul McCartney,Paul McCartney,"B-side to ""Jenny Wren"" (7"" single)",2005,[168]
446,"""Summer's Day Song""",Paul McCartney,Paul McCartney,McCartney II,1980,[82]
447,"""Summertime"" (Billie Holiday cover)",Paul McCartney,George Gershwin †,CHOBA B CCCP,1988,[53]
448,"""Sun Is Shining""",The Fireman,Paul McCartney,Electric Arguments,2008,[99]
449,"""Sunrise Mix""",The Fireman,Paul McCartney Youth,Strawberries Oceans Ships Forest,1993,[45]
450,"""Sunshine Sometime""",Paul and Linda McCartney,Paul McCartney,Ram (Archive Collection),2012,[124]
451,"""Sweet Sweet Memories""",Paul McCartney,Paul McCartney,"B-side to ""Off the Ground""",1993,[96]
452,"""Sweetest Little Show""",Paul McCartney,Paul McCartney,Pipes of Peace,1983,[65]
453,"""Take It Away""",Paul McCartney,Paul McCartney,Tug of War,1982,[73]
454,"""Talk More Talk""",Paul McCartney,Paul McCartney,Press to Play,1986,[60]
455,"""Teddy Boy""",Paul McCartney,Paul McCartney,McCartney,1970,[108]
456,"""Temporary Secretary""",Paul McCartney,Paul McCartney,McCartney II,1980,[82]
457,"""Thank You Darling""",Paul McCartney and Wings,Paul McCartney Linda McCartney,Red Rose Speedway (Archive Collection),2018,[42]
458,"""That Day Is Done""",Paul McCartney,Paul McCartney Declan MacManus,Flowers in the Dirt,1989,[104]
459,"""That Was Me""",Paul McCartney,Paul McCartney,Memory Almost Full,2007,[100]
460,"""That Would Be Something""",Paul McCartney,Paul McCartney,McCartney,1970,[108]
461,"""That's All Right Mama""[r] (Arthur Crudup cover)",Paul McCartney,Arthur Crudup †,CHOBA B CCCP,1988,[53]
462,"""This Loving Game""",Paul McCartney,Paul McCartney,"B-side to ""Jenny Wren"" (CD single)",2005,[133]
463,"""This Never Happened Before""",Paul McCartney,Paul McCartney,Chaos and Creation in the Backyard,2005,[62]
464,"""This One""",Paul McCartney,Paul McCartney,Flowers in the Dirt,1989,[104]
465,"""Through Our Love""",Paul McCartney,Paul McCartney,Pipes of Peace,1983,[65]
466,"""Time to Hide""",Wings,Denny Laine †,Wings at the Speed of Sound,1976,[76]
467,"""Tiny Bubble""",Paul McCartney,Paul McCartney,Driving Rain,2001,[48]
468,"""Tommy's Coming Home"" (demo)",Paul McCartney,Paul McCartney Declan MacManus,Flowers in the Dirt (Archive Collection),2017,[129]
469,"""Tomorrow""",Wings,Paul McCartney Linda McCartney,Wild Life,1971,[80]
470,"""Too Many People""",Paul and Linda McCartney,Paul McCartney,Ram,1971,[44]
471,"""Too Much Rain""",Paul McCartney,Paul McCartney,Chaos and Creation in the Backyard,2005,[62]
472,"""Tough on a Tightrope""",Paul McCartney,Paul McCartney Eric Stewart,"B-side to ""Only Love Remains""",1986,[170]
473,"""To You""",Wings,Paul McCartney,Back to the Egg,1979,[51]
474,"""Tragedy"" (Thomas Wayne and the DeLons cover)",Paul McCartney and Wings,Gerald Nelson Fred Burch †,Red Rose Speedway (Archive Collection),2018,[42]
475,"""Trans Lunar Rising""",The Fireman,Paul McCartney Youth,Strawberries Oceans Ships Forest,1993,[45]
476,"""Transcrystaline""",The Fireman,Paul McCartney Youth,Strawberries Oceans Ships Forest,1993,[45]
477,"""Transpiritual Stomp""",The Fireman,Paul McCartney Youth,Strawberries Oceans Ships Forest,1993,[45]
478,"""Travelling Light""",The Fireman,Paul McCartney,Electric Arguments,2008,[99]
479,"""Treat Her Gently/Lonely Old People""",Wings,Paul McCartney Linda McCartney,Venus and Mars,1975,[87]
480,"""Tropic Island Hum""",Paul McCartney,Paul McCartney,Non-album single,2004,[171]
481,"""Try Not to Cry""",Paul McCartney,Paul McCartney,Run Devil Run,1999,[56]
482,"""Tug of Peace""",Paul McCartney,Paul McCartney,Pipes of Peace,1983,[65]
483,"""Tug of War""",Paul McCartney,Paul McCartney,Tug of War,1982,[73]
484,"""Turned Out""",Paul McCartney,Paul McCartney,New (Deluxe edition),2013,[116]
485,"""Twenty Fine Fingers"" (demo)",Paul McCartney,Paul McCartney Declan MacManus,Flowers in the Dirt (Archive Collection),2017,[129]
486,"""Twenty Flight Rock"" (Eddie Cochran cover)",Paul McCartney,Eddie Cochran Ned Fairchild †,CHOBA B CCCP,1988,[53]
487,"""Twice in a Lifetime""",Paul McCartney,Paul McCartney,Pipes of Peace (The Paul McCartney Collection reissue),1993,[172]
488,"""Two Magpies""",The Fireman,Paul McCartney,Electric Arguments,2008,[99]
489,"""Uncle Albert/Admiral Halsey""",Paul and Linda McCartney,Paul McCartney Linda McCartney,Ram,1971,[44]
490,"""Universal Here, Everlasting Now""",The Fireman,Paul McCartney,Electric Arguments,2008,[99]
491,"""Used to Be Bad""",Paul McCartney,Paul McCartney Steve Miller,Flaming Pie,1997,[75]
492,"""Valentine Day""",Paul McCartney,Paul McCartney,McCartney,1970,[108]
493,"""Vanilla Sky""",Paul McCartney,Paul McCartney,Music from Vanilla Sky,2001,[173]
494,"""Venus and Mars""",Wings,Paul McCartney Linda McCartney,Venus and Mars,1975,[87]
495,"""Venus and Mars (Reprise)""",Wings,Paul McCartney Linda McCartney,Venus and Mars,1975,[87]
496,"""Vintage Clothes""",Paul McCartney,Paul McCartney,Memory Almost Full,2007,[100]
497,"""Walk with You""",Ringo Starr and Paul McCartney,Richard Starkey Van Dyke Parks †,Y Not (Ringo Starr album),2010,[174]
498,"""Walking in the Park with Eloise""",The Country Hams[e],James McCartney †,Non-album single,1974,[83]
499,"""Wanderlust""[d]",Paul McCartney,Paul McCartney,Tug of War,1982,[73]
500,"""Warm and Beautiful""",Wings,Paul McCartney Linda McCartney,Wings at the Speed of Sound,1976,[76]
501,"""Watercolour Guitars""",The Fireman,Paul McCartney Youth,Rushes,1998,[47]
502,"""Watercolour Rush""",The Fireman,Paul McCartney Youth,Rushes,1998,[47]
503,"""Waterfalls""",Paul McCartney,Paul McCartney,McCartney II,1980,[82]
504,"""We All Stand Together""[s]",Paul McCartney and the Frog Chorus,Paul McCartney,Non-album single,1984,[175]
505,"""We Got Married""",Paul McCartney,Paul McCartney,Flowers in the Dirt,1989,[104]
506,"""We Three (My Echo, My Shadow and Me)"" (Frank Sinatra and the Tommy Dorsey Orchestra cover)",Paul McCartney,Sammy Mysels Dick Robertson Nelson Cogane †,Kisses on the Bottom,2012,[49]
507,"""We're Open Tonight""",Wings,Paul McCartney,Back to the Egg,1979,[51]
508,"""What It Is""",Paul McCartney,Paul McCartney,Run Devil Run,1999,[56]
509,"""What's That You're Doing?""",Paul McCartney and Stevie Wonder,Paul McCartney Stevie Wonder,Tug of War,1982,[73]
510,"""When the Night""",Paul McCartney and Wings,Paul McCartney Linda McCartney,Red Rose Speedway,1973,[77]
511,"""When the Wind Is Blowing""",Wings,Paul McCartney Linda McCartney,Wild Life (Archive Collection),2018,[50]
512,"""Who Cares""",Paul McCartney,Paul McCartney,Egypt Station,2018,[68]
513,"""Whole Life""",Paul McCartney and Dave Stewart,Paul McCartney Dave Stewart,One Year On: 46664 (EP),2005,[176]
514,"""Why So Blue""",Paul McCartney,Paul McCartney,Memory Almost Full (2-CD edition),2007,[43]
515,"""Wild Life""",Wings,Paul McCartney Linda McCartney,Wild Life,1971,[80]
516,"""Winedark Open Sea""",Paul McCartney,Paul McCartney,Off the Ground,1993,[79]
517,"""Wino Junko""",Wings,Jimmy McCulloch Colin Allen †,Wings at the Speed of Sound,1976,[76]
518,"""Winter Bird/When Winter Comes""",Paul McCartney,Paul McCartney,McCartney III,2020,[102]
519,"""Winter Rose/Love Awake""",Wings,Paul McCartney,Back to the Egg,1979,[51]
520,"""With a Little Luck""",Wings,Paul McCartney,London Town,1978,[70]
521,"""Women and Wives""",Paul McCartney,Paul McCartney,McCartney III,2020,[102]
522,"""Women Kind"" (demo)",Paul McCartney,Paul McCartney,McCartney (Archive Collection),2011,[167]
523,"""Wonderful Christmastime""",Paul McCartney,Paul McCartney,Non-album single,1979,[159]
524,"""The World Tonight""",Paul McCartney,Paul McCartney,Flaming Pie,1997,[75]
525,"""Write Away""",Paul McCartney,Paul McCartney Eric Stewart,"B-side to ""Pretty Little Head""",1986,[177]
526,"""Yeah""",Various[t],Eddie Murphy †,Love's Alright,1993,[178]
527,"""Yesterday""[g]",Paul McCartney,John Lennon Paul McCartney,Give My Regards to Broad Street,1984,[72]
528,"""You Gave Me the Answer""",Wings,Paul McCartney Linda McCartney,Venus and Mars,1975,[87]
529,"""You Tell Me""",Paul McCartney,Paul McCartney,Memory Almost Full,2007,[100]
530,"""You Want Her Too""",Paul McCartney,Paul McCartney Declan MacManus,Flowers in the Dirt,1989,[104]
531,"""Young Boy""",Paul McCartney,Paul McCartney,Flaming Pie,1997,[75]
532,"""Your Loving Flame""",Paul McCartney,Paul McCartney,Driving Rain,2001,[48]
533,"""Your Way""",Paul McCartney,Paul McCartney,Driving Rain,2001,[48]
534,"""Zoo Gang""",Paul McCartney and Wings,Paul McCartney Linda McCartney,"B-side to ""Band on the Run""",1974,[179]
