,Song,Writer(s),Original release,Year,Ref(s)
0,"""Absolutely Sweet Marie"" (live)",Bob Dylan †,Bob Dylan – The 30th Anniversary Concert Celebration,1993,[57]
1,"""All Things Must Pass""",George Harrison,All Things Must Pass,1970,[58]
2,"""All Those Years Ago""",George Harrison,Somewhere in England,1981,[59]
3,"""Almost 12 Bar Honky Tonk"" ‡",George Harrison,All Things Must Pass (50th anniversary deluxe edition),2021,[60]
4,"""Almost Shankara"" ‡",George Harrison,Wonderwall Music (2014 remaster),2014,[61]
5,"""The Answer's at the End""",George Harrison,Extra Texture (Read All About It),1975,[62]
6,"""Any Road""",George Harrison,Brainwashed,2002,[63]
7,"""Apple Scruffs""",George Harrison,All Things Must Pass,1970,[58]
8,"""Art of Dying""",George Harrison,All Things Must Pass,1970,[58]
9,"""Awaiting on You All""",George Harrison,All Things Must Pass,1970,[58]
10,"""Baby Don't Run Away""",George Harrison,Gone Troppo,1982,[64]
11,"""Ballad of Sir Frankie Crisp (Let It Roll)""",George Harrison,All Things Must Pass,1970,[58]
12,"""Baltimore Oriole""",Hoagy Carmichael †,Somewhere in England,1981,[59]
13,"""Bangla Desh""",George Harrison,Non-album single,1971,[65]
14,"""Be Here Now""",George Harrison,Living in the Material World,1973,[66]
15,"""Beautiful Girl""",George Harrison,Thirty Three & 1/3,1976,[67]
16,"""Behind That Locked Door""",George Harrison,All Things Must Pass,1970,[58]
17,"""Between the Devil and the Deep Blue Sea""",Harold Arlen Ted Koehler †,Brainwashed,2002,[63]
18,"""Beware of Darkness""",George Harrison,All Things Must Pass,1970,[58]
19,"""A Bit More of You"" ‡",George Harrison,Extra Texture (Read All About It),1975,[62]
20,"""Blood from a Clone""",George Harrison,Somewhere in England,1981,[59]
21,"""Blow Away""",George Harrison,George Harrison,1979,[68]
22,"""Brainwashed""",George Harrison,Brainwashed,2002,[63]
23,"""Breath Away from Heaven""",George Harrison,Cloud Nine,1987,[69]
24,"""Bye Bye, Love""",Felice Bryant Boudleaux Bryant George Harrison †,Dark Horse,1974,[70]
25,"""Can't Stop Thinking About You""",George Harrison,Extra Texture (Read All About It),1975,[62]
26,"""Cheer Down""",George Harrison Tom Petty †,Lethal Weapon 2 (soundtrack),1989,[71]
27,"""Circles""",George Harrison,Gone Troppo,1982,[64]
28,"""Cloud 9""",George Harrison,Cloud Nine,1987,[69]
29,"""Cockamamie Business""",George Harrison,Best of Dark Horse 1976–1989,1989,[72]
30,"""Cosmic Empire"" (demo)",George Harrison,All Things Must Pass (50th anniversary deluxe edition),2021,[60]
31,"""Cowboy Music"" ‡",George Harrison,Wonderwall Music,1968,[73]
32,"""Crackerbox Palace""",George Harrison,Thirty Three & 1/3,1976,[67]
33,"""Crying"" ‡",George Harrison,Wonderwall Music,1968,[73]
34,"""Dark Horse""",George Harrison,Dark Horse,1974,[70]
35,"""Dark Sweet Lady""",George Harrison,George Harrison,1979,[68]
36,"""The Day the World Gets 'Round""",George Harrison,Living in the Material World,1973,[66]
37,"""Dear One""",George Harrison,Thirty Three & 1/3,1976,[67]
38,"""Deep Blue""",George Harrison,"Non-album single B-side of ""Bangla Desh""",1971,[65]
39,"""Dehra Dun"" (demo)",George Harrison,All Things Must Pass (50th anniversary deluxe edition),2021,[60]
40,"""Devil's Radio""",George Harrison,Cloud Nine,1987,[69]
41,"""Ding Dong, Ding Dong""",George Harrison,Dark Horse,1974,[70]
42,"""Don't Let Me Wait Too Long""",George Harrison,Living in the Material World,1973,[66]
43,"""Down To The River (Rocking Chair Blues)""",George Harrison,All Things Must Pass (50th anniversary deluxe edition),2021,[60]
44,"""Dream Away""",George Harrison,Gone Troppo,1982,[64]
45,"""Dream Scene"" ‡",George Harrison,Wonderwall Music,1968,[73]
46,"""Drilling a Home"" ‡",George Harrison,Wonderwall Music,1968,[73]
47,"""Everybody-Nobody"" (demo)",George Harrison,All Things Must Pass (50th anniversary deluxe edition),2021,[60]
48,"""Fantasy Sequins"" ‡",George Harrison,Wonderwall Music,1968,[73]
49,"""Far East Man""",George Harrison,Dark Horse,1974,[70]
50,"""Faster""",George Harrison,George Harrison,1979,[68]
51,"""Fish on the Sand""",George Harrison,Cloud Nine,1987,[69]
52,"""Flying Hour"" (remix)",George Harrison Mick Ralphs †,Songs by George Harrison,1988,[74]
53,"""For You Blue""[a] (live)",George Harrison,Songs by George Harrison,1988,[74]
54,"""Gat Kirwani"" ‡",George Harrison,Wonderwall Music,1968,[73]
55,"""Get Back""",John Lennon Paul McCartney †,All Things Must Pass (50th anniversary deluxe edition),2021,[60]
56,"""Give Me Love (Give Me Peace on Earth)""",George Harrison,Living in the Material World,1973,[66]
57,"""Glass Box"" ‡",George Harrison,Wonderwall Music,1968,[73]
58,"""Going Down To Golders Green"" (demo)",George Harrison,All Things Must Pass (50th anniversary deluxe edition),2021,[60]
59,"""Gone Troppo""",George Harrison,Gone Troppo,1982,[64]
60,"""Got My Mind Set on You""",Rudy Clark †,Cloud Nine,1987,[69]
61,"""Greasy Legs"" ‡",George Harrison,Wonderwall Music,1968,[73]
62,"""Greece""",George Harrison,Gone Troppo,1982,[64]
63,"""Grey Cloudy Lies""",George Harrison,Extra Texture (Read All About It),1975,[62]
64,"""Guru Vandana"" ‡",George Harrison,Wonderwall Music,1968,[73]
65,"""Hari's on Tour (Express)"" ‡",George Harrison,Dark Horse,1974,[70]
66,"""Hear Me Lord""",George Harrison,All Things Must Pass,1970,[58]
67,"""Here Comes the Sun""[a] (live)",George Harrison,The Concert for Bangladesh,1971,[75]
68,"""Here Comes the Moon""",George Harrison,George Harrison,1979,[68]
69,"""His Name Is Legs (Ladies and Gentlemen)""[b]",George Harrison,Extra Texture (Read All About It),1975,[62]
70,"""Hong Kong Blues""",Hoagy Carmichael †,Somewhere in England,1981,[59]
71,"""Horse to the Water"" (with Jools Holland)",George Harrison Dhani Harrison,Small World Big Band,2001,[76]
72,"""Hottest Gong in Town""",George Harrison,Songs by George Harrison 2,1992,[77]
73,"""I Dig Love""",George Harrison,All Things Must Pass,1970,[58]
74,"""I Don't Care Anymore""",George Harrison,"Non-album single B-side of ""Dark Horse"" (US) and ""Ding Dong, Ding Dong"" (UK)",1974,[78][79]
75,"""I Don't Want to Do It""",Bob Dylan †,Porky's Revenge! (soundtrack),1985,[80]
76,"""I Live for You""",George Harrison,All Things Must Pass (2001 remaster),2001,[81]
77,"""I Really Love You""",Leroy Swearingen †,Gone Troppo,1982,[64]
78,"""I Remember Jeep"" ‡",George Harrison,All Things Must Pass,1970,[58]
79,"""I Want to Tell You""[a] (live)",George Harrison,Live in Japan,1992,[82]
80,"""If I Needed Someone""[a] (live)",George Harrison,Live in Japan,1992,[82]
81,"""If Not for You""",Bob Dylan †,All Things Must Pass,1970,[58]
82,"""If You Believe""",George Harrison Gary Wright †,George Harrison,1979,[68]
83,"""In the Park"" ‡",George Harrison,Wonderwall Music,1968,[73]
84,"""It Is 'He' (Jai Sri Krishna)""",George Harrison,Dark Horse,1974,[70]
85,"""Isn't It a Pity""[c]",George Harrison,All Things Must Pass,1970,[58]
86,"""It's Johnny's Birthday""",George Harrison Bill Martin Phil Coulter †,All Things Must Pass,1970,[58]
87,"""It's What You Value""",George Harrison,Thirty Three & 1/3,1976,[67]
88,"""I'd Have You Anytime""",George Harrison Bob Dylan †,All Things Must Pass,1970,[58]
89,"""Just for Today""",George Harrison,Cloud Nine,1987,[69]
90,"""Lay His Head""",George Harrison,"Non-album single B-side of ""Got My Mind Set on You""",1987,[83]
91,"""Learning How to Love You""",George Harrison,Thirty Three & 1/3,1976,[67]
92,"""Let It Be Me"" (demo)",Gilbert Bécaud Pierre Leroyer Manny Kurtz †,Early Takes: Volume 1,2012,[84]
93,"""Let It Down""",George Harrison,All Things Must Pass,1970,[58]
94,"""Life Itself""",George Harrison,Somewhere in England,1981,[59]
95,"""The Light That Has Lighted the World""",George Harrison,Living in the Material World,1973,[66]
96,"""Living in the Material World""",George Harrison,Living in the Material World,1973,[66]
97,"""Looking for My Life""",George Harrison,Brainwashed,2002,[63]
98,"""The Lord Loves the One (That Loves the Lord)""",George Harrison,Living in the Material World,1973,[66]
99,"""Love Comes to Everyone""",George Harrison,George Harrison,1979,[68]
100,"""Love Scene"" ‡",George Harrison,Wonderwall Music,1968,[73]
101,"""Mama You've Been on My Mind"" (demo)",Bob Dylan †,Early Takes: Volume 1,2012,[84]
102,"""Marwa Blues"" ‡",George Harrison,Brainwashed,2002,[63]
103,"""Māya Love""",George Harrison,Dark Horse,1974,[70]
104,"""Microbes"" ‡",George Harrison,Wonderwall Music,1968,[73]
105,"""Miss O'Dell""",George Harrison,"Non-album single B-side of ""Give Me Love (Give Me Peace on Earth)""",1973,[85]
106,"""Mo""",George Harrison,Mo's Songs,1994,[86]
107,"""Mother Divine"" (demo)",George Harrison,All Things Must Pass (50th anniversary deluxe edition),2021,[60]
108,"""My Sweet Lord""[d]",George Harrison,All Things Must Pass,1970,[58]
109,"""Mystical One""",George Harrison,Gone Troppo,1982,[64]
110,"""Never Get Over You""",George Harrison,Brainwashed,2002,[63]
111,"""No Time or Space"" ‡",George Harrison,Electronic Sound,1969,[88]
112,"""Not Guilty""",George Harrison,George Harrison,1979,[68]
113,"""Nowhere To Go"" (demo)",George Harrison Bob Dylan †,All Things Must Pass (50th anniversary deluxe edition),2021,[60]
114,"""Old Brown Shoe""[a] (live)",George Harrison,Live in Japan,1992,[82]
115,"""Om Hare Om (Gopala Krishna)"" (demo)",George Harrison,All Things Must Pass (50th anniversary deluxe edition),2021,[60]
116,"""On the Bed"" ‡",George Harrison,Wonderwall Music,1968,[73]
117,"""Ooh Baby (You Know That I Love You)""",George Harrison,Extra Texture (Read All About It),1975,[62]
118,"""Out of the Blue"" ‡",George Harrison,All Things Must Pass,1970,[58]
119,"""P2 Vatican Blues (Last Saturday Night)""",George Harrison,Brainwashed,2002,[63]
120,"""Party Seacombe"" ‡",George Harrison,Wonderwall Music,1968,[73]
121,"""Piggies""[a] (live)",George Harrison,Live in Japan,1992,[82]
122,"""Pisces Fish""",George Harrison,Brainwashed,2002,[63]
123,"""Plug Me In"" ‡",George Harrison,All Things Must Pass,1970,[58]
124,"""Poor Little Girl""",George Harrison,Best of Dark Horse 1976–1989,1989,[72]
125,"""Pure Smokey""",George Harrison,Thirty Three & 1/3,1976,[67]
126,"""Red Lady Too"" ‡",George Harrison,Wonderwall Music,1968,[73]
127,"""Ride Rajbun""",George Harrison David English †,The Bunbury Tails,1992,[89]
128,"""Rising Sun""",George Harrison,Brainwashed,2002,[63]
129,"""Rocking Chair in Hawaii""",George Harrison,Brainwashed,2002,[63]
130,"""Roll Over Beethoven"" (live)",Chuck Berry †,Live in Japan,1992,[82]
131,"""Run of the Mill""",George Harrison,All Things Must Pass,1970,[58]
132,"""Run So Far""",George Harrison,Brainwashed,2002,[63]
133,"""Sat Singing"" (remix)",George Harrison,Songs by George Harrison,1988,[74]
134,"""Save the World""",George Harrison,Somewhere in England,1981,[59]
135,"""See Yourself""",George Harrison,Thirty Three & 1/3,1976,[67]
136,"""Shanghai Surprise""",George Harrison,Non-album promotional single,1986,[90]
137,"""Simply Shady""",George Harrison,Dark Horse,1974,[70]
138,"""Singing Om"" ‡",George Harrison,Wonderwall Music,1968,[73]
139,"""Ski-ing"" ‡",George Harrison,Wonderwall Music,1968,[73]
140,"""So Sad""",George Harrison,Dark Horse,1974,[70]
141,"""Soft-Hearted Hana""",George Harrison,George Harrison,1979,[68]
142,"""Soft Touch""",George Harrison,George Harrison,1979,[68]
143,"""Someplace Else""",George Harrison,Cloud Nine,1987,[69]
144,"""Something""[a] (live)",George Harrison,The Concert for Bangladesh,1971,[75]
145,"""Sour Milk Sea"" (Jackie Lomax)",George Harrison,Non-album single,1968,[91]
146,"""Stuck Inside a Cloud""",George Harrison,Brainwashed,2002,[63]
147,"""Sue Me, Sue You Blues""",George Harrison,Living in the Material World,1973,[66]
148,"""Tabla and Pakavaj"" ‡",George Harrison,Wonderwall Music,1968,[73]
149,"""Taxman""[a] (live)",George Harrison,Live in Japan,1992,[82]
150,"""Teardrops""",George Harrison,Somewhere in England,1981,[59]
151,"""Tears of the World""",George Harrison,Songs by George Harrison 2,1992,[77]
152,"""Tell Me What Has Happened To You"" (demo)",George Harrison,All Things Must Pass (50th anniversary deluxe edition),2021,[60]
153,"""Thanks for the Pepperoni"" ‡",George Harrison,All Things Must Pass,1970,[58]
154,"""That Is All""",George Harrison,Living in the Material World,1973,[66]
155,"""That Which I Have Lost""",George Harrison,Somewhere in England,1981,[59]
156,"""That's the Way It Goes""",George Harrison,Gone Troppo,1982,[64]
157,"""That's What It Takes""",George Harrison Jeff Lynne Gary Wright †,Cloud Nine,1987,[69]
158,"""This Guitar (Can't Keep from Crying)""",George Harrison,Extra Texture (Read All About It),1975,[62]
159,"""This Is Love""",George Harrison Jeff Lynne †,Cloud Nine,1987,[69]
160,"""This Song""",George Harrison,Thirty Three & 1/3,1976,[67]
161,"""Tired of Midnight Blue""",George Harrison,Extra Texture (Read All About It),1975,[62]
162,"""True Love""",Cole Porter †,Thirty Three & 1/3,1976,[67]
163,"""Try Some, Buy Some""",George Harrison,Living in the Material World,1971,[66]
164,"""Unconsciousness Rules""",George Harrison,Somewhere in England,1981,[59]
165,"""Under the Mersey Wall"" ‡",George Harrison,Electronic Sound,1969,[88]
166,"""Unknown Delight""",George Harrison,Gone Troppo,1982,[64]
167,"""Wah-Wah""",George Harrison,All Things Must Pass,1970,[58]
168,"""Wake Up My Love""",George Harrison,Gone Troppo,1982,[64]
169,"""Wedding Bells (Are Breaking Up That Old Gang Of Mine)""",Sammy Fain Irving Kahal Willie Raskin †,All Things Must Pass (50th anniversary deluxe edition),2021,[60]
170,"""What Is Life""",George Harrison,All Things Must Pass,1970,[58]
171,"""When We Was Fab""",George Harrison Jeff Lynne †,Cloud Nine,1987,[69]
172,"""While My Guitar Gently Weeps""[a] (live)",George Harrison,The Concert for Bangladesh,1971,[75]
173,"""Who Can See It""",George Harrison,Living in the Material World,1973,[66]
174,"""Window Window"" (demo)",George Harrison,All Things Must Pass (50th anniversary deluxe edition),2021,[60]
175,"""Woman Don't You Cry for Me""",George Harrison,Thirty Three & 1/3,1976,[67]
176,"""Wonderwall to Be Here"" ‡",George Harrison,Wonderwall Music,1968,[73]
177,"""World of Stone""",George Harrison,Extra Texture (Read All About It),1975,[62]
178,"""Wreck of the Hesperus""",George Harrison,Cloud Nine,1987,[69]
179,"""Writing's on the Wall""",George Harrison,Somewhere in England,1981,[59]
180,"""You""",George Harrison,Extra Texture (Read All About It),1975,[62]
181,"""Your Love Is Forever""",George Harrison,George Harrison,1979,[68]
182,"""Zig Zag""",George Harrison Jeff Lynne †,"Non-album single B-side of ""When We Was Fab""",1988,[92]
